a1sCodeSect;a1dBasinArea;a1dMask;a1dLat;a1dLon;a1dYgrid;a1dXgrid;a1sDescSect;a1sBasin;a1sRatingCurve;a1dQpresogl;a1dQguard;a1dQesond;a1dQAmax;a1dQ2;a1dQ2_9;a1dQ5;a1dQ10;a1dQ20;a1dQ30;a1dQ50;a1dQ100;a1dQ200;a1sCodeIdr;a1dLatIdr;a1dLonIdr;a1dHZeroIdr;a1dYpresogl;a1dYguard;a1dYesond;a1dDt
ACQULE;18;3;44.44251;8.74752;321;506;Acquasanta foce;tra Teiro e Varenna;no;NA;NA;NA;NA;52;65;84;117;161;189;227;277;328;NA;NA;NA;NA;NA;NA;NA;NA
AIROLE;450;NA;43.87296;7.54484;105;66;Roja ad Airole;Roja;si;NA;500;680;NA;NA;NA;NA;NA;NA;NA;NA;NA;NA;AIROL;43.87296;7.54484;90.11;3.5;3.7;5;15
AMEF00;1581;1;44.07884;9.9722;146;949;Magra ad Ameglia;Basso Magra;no;NA;NA;NA;NA;972;1215;1568;2173;2990;3525;4218;5166;6102;AMEFM;44.07884;9.9722;-0.24;1.7;2;3.3;15
ARGCAP;84;4;43.98446;7.78481;101;157;Argentina a Molini di Triora;Argentina;no;NA;NA;NA;NA;174;217;280;388;534;630;754;923;1091;NA;NA;NA;NA;NA;NA;NA;NA
ARGE00;210;1;43.8311;7.8601;26;184;Argentina foce;Argentina;no;NA;NA;NA;NA;316;395;510;706;972;1145;1371;1679;1983;NA;NA;NA;NA;NA;NA;NA;NA
ARGE01;130;3;43.93074;7.84202;75;177;Argentina a Montalto Ligure;Argentina;no;NA;NA;NA;NA;241;301;389;539;742;874;1046;1281;1513;MONTL;43.93074;7.84202;94.31;4.8;5;7;15
ARGEME;192;2;43.88137;7.84759;51;180;Argentina a Merelli;Argentina;si;NA;NA;NA;NA;295;369;476;660;908;1071;1281;1570;1854;AMERE;43.88137;7.84759;49.16;2.5;3;4.5;15
ARME00;38;1;43.81983;7.83775;20;176;Armea foce;tra Nervia e Argentina;no;NA;NA;NA;NA;74;93;120;166;228;269;322;394;465;NA;NA;NA;NA;NA;NA;NA;NA
ARMVAL;35;2;43.83551;7.81883;29;169;Armea a Valle Armea;tra Nervia e Argentina;no;NA;NA;NA;NA;70;87;112;156;215;253;303;371;438;ARMEA;43.83551;7.81883;NA;1.1;1.3;2;15
ARRE00;25;1;44.37998;8.6333;292;465;Arrestra foce;tra Teiro e Varenna;no;NA;NA;NA;NA;70;87;113;156;215;253;303;371;438;NA;NA;NA;NA;NA;NA;NA;NA
ARRO01;87;3;44.04149;7.9206;127;209;Arroscia a Pieve di Teco;Centa;no;NA;NA;NA;NA;137;171;220;306;420;496;593;726;858;PTECH;44.04149;7.9206;219.78;3.7;4;5;15
AULE00;316;4;44.2061;9.9693;208;949;Aulella ad Aulla;Alto Magra;no;NA;NA;NA;NA;291;363;469;650;894;1054;1261;1544;1824;NA;NA;NA;NA;NA;NA;NA;NA
AULSOL;203;5;44.20233;10.06207;205;980;Aulella a Soliera;Alto Magra;si;NA;NA;NA;NA;209;261;336;466;641;756;905;1108;1309;SOLIE;44.20233;10.06207;105.55;3.2;3.5;4.5;15
AVECAB;42;2;44.4952;9.34647;346;722;Aveto a Cabanne;Trebbia - Aveto;si;NA;NA;NA;NA;82;103;133;184;253;298;357;437;516;CABAN;44.4952;9.34647;808.45;1.3;1.6;2.7;10
AVESAL;199;8;44.63272;9.4054;412;742;Aveto a Salsominore;Trebbia - Aveto;si;NA;NA;NA;NA;NA;NA;NA;NA;NA;NA;NA;NA;NA;NA;NA;NA;NA;NA;NA;NA;NA
AVET00;183;1;44.60064;9.40587;398;743;Aveto confine;Trebbia - Aveto;no;NA;NA;NA;NA;306;383;494;684;941;1110;1328;1626;1921;NA;NA;NA;NA;NA;NA;NA;NA
BAGNMA;NA;NA;44.2862;9.9478;NA;NA;Magra a valle confluenza Bagnone;Alto Magra;no;NA;NA;NA;NA;NA;NA;NA;NA;NA;NA;NA;NA;NA;NA;NA;NA;NA;NA;NA;NA;NA
BAGNON;53;4;44.31747;9.98339;261;959;Bagnone a Bagnone;Alto Magra;no;NA;NA;NA;NA;76;95;123;170;234;276;330;405;478;BGNNE;44.31747;9.98339;NA;1.9;2;3;15
BARDNE;304;NA;44.1995;9.9877;206;957;Aulella a valle confluenza Bardine;Alto Magra;no;NA;NA;NA;NA;NA;NA;NA;NA;NA;NA;NA;NA;NA;NA;NA;NA;NA;NA;NA;NA;NA
BISA00;93;1;44.41094;8.95395;302;581;Bisagno Firpo;Bisagno;si;NA;NA;NA;NA;207;258;333;462;635;749;896;1097;1296;FIRPO;44.41094;8.95395;5.86;2;2.5;4.2;15
BISMOL;61;2;44.45433;8.98654;326;591;Bisagno a Molassana;Bisagno;no;NA;NA;NA;NA;128;160;206;286;394;464;555;680;803;GEMOL;44.45433;8.98654;NA;2.2;2.6;3.5;15
BOAT00;26;1;44.3466;9.22879;274;681;Boate foce;tra Bisagno ed Entella;no;NA;NA;NA;NA;60;75;97;135;186;219;262;321;379;NA;NA;NA;NA;NA;NA;NA;NA
BOLSTE;25;2;44.37234;8.57322;288;443;Teiro a Bolsine;Sansobbia - Teiro;si;NA;NA;NA;NA;62;78;101;140;192;226;271;332;392;BOLSN;44.37234;8.57322;23.5;1.5;1.8;2.5;15
BOVARA;344;4;44.23132;9.71552;222;855;Vara a Borghetto Vara;Vara;si;NA;NA;NA;NA;344;430;554;768;1057;1246;1491;1826;2157;BVARA;44.23132;9.71552;100.25;2.2;2.8;3.8;15
BRUDIG;25;7;44.53713;9.20679;367;671;Brugneto monte diga;Trebbia - Aveto;no;NA;NA;NA;NA;60;75;96;134;184;217;260;318;375;NA;NA;NA;NA;NA;NA;NA;NA
BUSALT;2;4;44.57308;8.9452;383;576;Busalletta a Busalla;Stura - Scrivia;no;26;NA;NA;34;8;10;12;17;24;28;33;41;48;NA;NA;NA;NA;NA;NA;NA;NA
BUSDIG;7;7;44.56841;8.92385;382;569;Busalletta monte diga;Stura - Scrivia;no;NA;NA;NA;NA;23;29;38;52;72;85;102;125;147;NA;NA;NA;NA;NA;NA;NA;NA
CAIROM;165;2;44.4039;8.2708;303;336;Bormida di Spigno a Cairo Montenotte;Bormida di Spigno;no;NA;NA;NA;NA;223;279;360;499;686;809;968;1186;1401;NA;NA;NA;NA;NA;NA;NA;NA
CALAMA;868;3;44.19802;9.95015;202;940;Magra a Calamazza;Alto Magra;si;NA;NA;NA;NA;620;775;1000;1386;1907;2248;2690;3295;3892;CALAM;44.19802;9.95015;44.57;3.5;4;5.7;15
CAMINA;40;2;44.34004;9.41004;271;745;Graveglia a Caminata;Entella;si;NA;NA;NA;NA;93;117;151;209;287;339;405;496;586;CAMIN;44.34004;9.41004;85.9;1.7;1.9;2.8;15
CAMPST;70;2;44.54256;8.6939;370;486;Stura a Campo Ligure;Stura - Scrivia;no;NA;NA;NA;NA;172;215;277;384;528;623;745;912;1078;CAMPL;44.54256;8.6939;NA;2.3;2.5;4;15
CAPRIO;293;NA;44.337;9.9088;275;929;Magra a valle confluenza Caprio;Alto Magra;no;NA;NA;NA;NA;NA;NA;NA;NA;NA;NA;NA;NA;NA;NA;NA;NA;NA;NA;NA;NA;NA
CARA00;17;1;43.8723;8.01116;46;238;Caramagna foce;tra Argentina e Impero;no;NA;NA;NA;NA;28;35;45;62;85;100;120;147;174;NA;NA;NA;NA;NA;NA;NA;NA
CARASC;290;2;44.34615;9.34825;275;723;Lavagna a Carasco;Entella;si;NA;470;710;NA;454;568;732;1015;1397;1647;1970;2413;2850;CARAS;44.34615;9.34825;12.8;4.5;4.9;5.8;15
CARCAR;58;3;44.35662;8.28944;281;339;Bormida di Spigno a Carcare;Bormida di Spigno;no;NA;NA;NA;NA;83;104;134;186;256;302;361;442;522;CARCA;44.35662;8.28944;345.25;2;2.3;2.8;15
CAST00;23;1;44.21562;9.51876;212;785;Castagnola foce;tra Entella e Magra;no;NA;NA;NA;NA;55;69;89;123;169;200;239;293;346;NA;NA;NA;NA;NA;NA;NA;NA
CENGIO;202;1;44.38987;8.20417;296;309;Bormida di Millesimo a Cengio;Bormida di Millesimo;si;NA;NA;NA;NA;247;309;399;553;761;897;1073;1314;1552;CENGI;44.38987;8.20417;402.45;2.5;3;4;15
CERU00;25;1;44.42785;8.74244;314;504;Cerusa foce;tra Teiro e Varenna;no;NA;NA;NA;NA;92;115;148;206;283;334;399;489;578;NA;NA;NA;NA;NA;NA;NA;NA
CERV00;23;1;43.92185;8.10668;71;274;Cervo foce;tra Impero e Centa;no;NA;NA;NA;NA;34;43;55;77;105;124;149;182;215;NA;NA;NA;NA;NA;NA;NA;NA
CHIA00;12;1;44.4213;8.85351;309;543;Chiaravagna foce;Varenna - Polcevera;no;NA;NA;NA;NA;38;47;61;84;116;137;164;201;237;NA;NA;NA;NA;NA;NA;NA;NA
CRIXIA;250;1;44.48618;8.30735;342;348;Bormida di Spigno a Piana Crixia;Bormida di Spigno;si;NA;NA;NA;NA;291;364;470;651;896;1056;1263;1547;1827;PCRIX;44.48618;8.30735;259.72;3.8;4;5;30
DOLCEA;163;2;43.86053;7.62411;41;98;Nervia a Dolceacqua;Nervia;no;NA;NA;NA;NA;276;345;445;617;850;1001;1198;1468;1734;DCQUA;43.86053;7.62411;58.68;3.7;4;5;15
DRICCO;479;NA;44.20258;9.77921;204;876;Vara a valle confluenza Di Ricco;Vara;no;NA;NA;NA;NA;NA;NA;NA;NA;NA;NA;NA;NA;NA;NA;NA;NA;NA;NA;NA;NA;NA
DURASC;590;NA;44.16275;9.87378;188;910;Vara a valle confluenza Durasca;Vara;no;NA;NA;NA;NA;NA;NA;NA;NA;NA;NA;NA;NA;NA;NA;NA;NA;NA;NA;NA;NA;NA
ERRCAR;179;8;44.5741;8.4219;384;389;Erro a Cartosio;Erro - Orba;si;NA;NA;NA;NA;NA;NA;NA;NA;NA;NA;NA;NA;NA;NA;NA;NA;NA;NA;NA;NA;NA
ERRO00;130;1;44.52262;8.46982;361;405;Erro confine;Erro - Orba;no;NA;NA;NA;NA;162;203;261;362;498;587;703;861;1017;NA;NA;NA;NA;NA;NA;NA;NA
FERRAN;55;3;44.36694;8.32248;285;352;Bormida di Spigno a Ferrania;Bormida di Spigno;si;NA;NA;NA;NA;96;121;156;216;297;350;418;512;605;FERRA;44.36694;8.32248;351.38;2.7;3;3.5;15
FORNOL;1507;2;44.13805;9.90619;177;926;Magra a Fornola;Basso Magra;no;NA;NA;NA;NA;938;1173;1513;2097;2885;3400;4069;4983;5886;FRNLA;44.13805;9.90619;9.87;3.6;3.8;5;15
GATTOR;62;4;44.42817;9.18495;315;664;Lavagna a Gattorna;Entella;no;NA;NA;NA;NA;141;176;227;314;432;509;610;747;882;NA;NA;NA;NA;NA;NA;NA;NA
GHIA00;15;1;44.17123;9.60839;190;817;Ghiararo foce;tra Entella e Magra;no;NA;NA;NA;NA;42;53;68;95;130;153;184;225;266;NA;NA;NA;NA;NA;NA;NA;NA
GOTTER;245;NA;44.27496;9.66087;246;838;Vara a valle confluenza Gottero;Vara;no;NA;NA;NA;NA;NA;NA;NA;NA;NA;NA;NA;NA;NA;NA;NA;NA;NA;NA;NA;NA;NA
GRVEGL;513;NA;44.1967;9.8169;204;885;Vara a valle confluenza Graveglia;Vara;no;NA;NA;NA;NA;NA;NA;NA;NA;NA;NA;NA;NA;NA;NA;NA;NA;NA;NA;NA;NA;NA
GRVEGN;407;NA;44.2219;9.73;221;860;Vara a valle confluenza Gravegnola e Pogliaschina;Vara;no;NA;NA;NA;NA;NA;NA;NA;NA;NA;NA;NA;NA;NA;NA;NA;NA;NA;NA;NA;NA;NA
IMPE00;94;1;43.8868;8.0371;55;250;Impero foce;Impero;no;NA;NA;NA;NA;134;167;216;299;411;485;580;711;840;NA;NA;NA;NA;NA;NA;NA;NA
IMPERU;74;2;43.94153;8.00619;80;237;Impero a Rugge di Pontedassio;Impero;no;NA;NA;NA;NA;112;140;180;250;344;405;485;594;702;RUGGE;43.94153;8.00619;70;1.3;1.6;2.7;15
IMPTRE;34;3;43.97589;7.9689;97;223;Impero a San Lazzaro;Impero;no;NA;NA;NA;NA;54;67;87;120;166;195;234;286;338;NA;NA;NA;NA;NA;NA;NA;NA
LAMACC;164;6;44.32323;9.61484;265;819;Vara a La Macchia;Vara;no;NA;NA;NA;NA;217;271;349;484;666;785;939;1150;1359;LAMAC;44.32323;9.61484;258.8;0.4;0.5;0.8;15
LAPRES;34;3;44.44076;9.04717;320;614;Bisagno a La Presa;Bisagno;no;NA;NA;NA;NA;80;100;129;178;246;290;346;424;501;LAPRS;44.44076;9.04717;145.16;1.7;1.9;2.5;15
LAVA01;161;3;44.35945;9.34391;281;721;Lavagna a S. Martino;Entella;si;NA;290;435;NA;302;377;487;675;928;1094;1310;1604;1895;SMART;44.35945;9.34391;23.34;1.8;2.3;3.2;15
LEIR00;28;1;44.42768;8.75195;314;506;Leira foce;tra Teiro e Varenna;no;NA;NA;NA;NA;76;95;123;171;235;277;331;406;479;NA;NA;NA;NA;NA;NA;NA;NA
LERO00;21;1;44.39156;8.66473;295;475;Lerone foce;tra Teiro e Varenna;no;NA;NA;NA;NA;75;93;120;167;229;271;324;396;468;NA;NA;NA;NA;NA;NA;NA;NA
LETI00;53;1;44.30082;8.47734;254;409;Letimbro foce;tra Quiliano e Sansobbia;no;NA;NA;NA;NA;114;143;184;255;351;414;495;606;716;NA;NA;NA;NA;NA;NA;NA;NA
LICTAV;84;4;44.24267;10.00343;223;960;Tavarone a Licciana Nardi;Alto Magra;no;NA;NA;NA;NA;108;135;174;241;331;390;467;572;675;LICCN;44.24267;10.00343;NA;2.3;2.5;3.5;15
MAGR01;166;4;44.36184;9.89666;283;920;Magra a Pontremoli;Alto Magra;si;NA;NA;NA;NA;179;224;289;401;552;650;778;953;1125;MAGSG;44.36184;9.89666;199.3;1.1;1.4;2.1;15
MANGIA;340;NA;44.24;9.6956;232;851;Vara a valle confluenza Mangia;Vara;no;NA;NA;NA;NA;NA;NA;NA;NA;NA;NA;NA;NA;NA;NA;NA;NA;NA;NA;NA;NA;NA
MARE00;45;1;44.15067;8.28671;182;339;Maremola foce;tra Centa e Quiliano;no;NA;NA;NA;NA;96;121;156;216;297;350;418;512;605;NA;NA;NA;NA;NA;NA;NA;NA
MERETA;268;1;44.6631;8.9411;427;576;Scrivia a Mereta;Stura - Scrivia;no;NA;NA;NA;NA;407;509;657;911;1253;1477;1767;2165;2557;NA;NA;NA;NA;NA;NA;NA;NA
MERU00;49;1;43.94868;8.14334;85;288;Merula foce;tra Impero e Centa;no;NA;NA;NA;NA;73;91;117;162;223;263;315;386;456;NA;NA;NA;NA;NA;NA;NA;NA
MLCQUA;309;NA;44.24481;9.68547;229;843;Vara a valle confluenza Malacqua;Vara;no;NA;NA;NA;NA;NA;NA;NA;NA;NA;NA;NA;NA;NA;NA;NA;NA;NA;NA;NA;NA;NA
MNGIOL;325;NA;44.3196;9.9313;265;931;Magra a valle confluenza Mangiola;Alto Magra;no;NA;NA;NA;NA;NA;NA;NA;NA;NA;NA;NA;NA;NA;NA;NA;NA;NA;NA;NA;NA;NA
MOLIBR;426;1;44.04882;8.21077;132;311;Centa a Molino Branca;Centa;no;NA;NA;NA;NA;415;519;669;927;1276;1504;1799;2204;2603;MOBRA;44.04882;8.21077;-0.2;3.5;4;4.8;15
MOLINE;27;2;44.43946;8.74603;320;505;Leira a Molinetto;tra Teiro e Varenna;no;NA;NA;NA;NA;74;93;120;166;228;269;322;395;466;MOLIN;44.43946;8.74603;20.35;2;2.2;3.2;15
MURIAL;134;2;44.31321;8.15981;260;293;Bormida di Millesimo a Murialdo;Bormida di Millesimo;si;NA;NA;NA;NA;196;245;316;437;602;709;849;1039;1228;MURIA;44.31321;8.15981;511.06;1.7;2;2.5;30
NASCET;202;5;44.27808;9.65595;241;834;Vara a Nasceto;Vara;si;NA;NA;NA;NA;253;316;408;566;778;918;1098;1345;1588;NASCE;44.27808;9.65595;183.17;4;4.5;5.5;15
NERV00;187;1;43.78604;7.63049;4;100;Nervia foce;Nervia;no;NA;NA;NA;NA;306;383;494;684;942;1110;1328;1627;1922;NA;NA;NA;NA;NA;NA;NA;NA
NERV01;122;3;43.87765;7.63767;48;102;Nervia a Isolabona;Nervia;no;NA;NA;NA;NA;221;276;356;494;679;801;958;1173;1386;ISBON;43.87765;7.63767;89.26;3;3.3;4.3;15
NERVBU;13;5;43.95756;7.68431;88;120;Nervia a Buggio;Nervia;no;46;NA;NA;61;42;52;67;93;128;151;180;221;261;NA;NA;NA;NA;NA;NA;NA;NA
NERVMA;20;4;43.93579;7.68039;79;120;Nervia a Madonna del Ponte;Nervia;no;112;NA;NA;149;54;68;88;121;167;197;236;289;341;NA;NA;NA;NA;NA;NA;NA;NA
NEVCIS;126;2;44.08552;8.14573;150;288;Neva a Cisano;Centa;si;NA;NA;NA;NA;212;265;342;473;651;768;919;1125;1329;CISAN;44.08552;8.14573;37.92;2.5;2.8;4;15
NOCDIG;7;7;44.49311;9.03527;346;610;Val Noci monte diga;Stura - Scrivia;no;NA;NA;NA;NA;25;31;40;56;77;90;108;132;156;NA;NA;NA;NA;NA;NA;NA;NA
NRVI00;9;1;44.38351;9.0333;292;610;Nervi foce;tra Bisagno ed Entella;no;NA;NA;NA;NA;33;41;53;74;102;120;144;176;208;NA;NA;NA;NA;NA;NA;NA;NA
OSIDIG;21;7;44.31022;8.19766;257;306;Osiglia monte diga;Bormida di Millesimo;no;NA;NA;NA;NA;37;47;60;83;115;135;162;198;234;NA;NA;NA;NA;NA;NA;NA;NA
OSIGLT;7;2;44.32452;8.20649;264;309;Osiglietta a Cascina Piana;Bormida di Millesimo;no;8;NA;NA;10;20;25;33;45;62;74;88;108;127;NA;NA;NA;NA;NA;NA;NA;NA
PANESI;358;1;44.34209;9.35624;268;723;Entella a Panesi;Entella;si;NA;600;900;NA;535;669;863;1196;1646;1940;2322;2844;3359;PANES;44.34209;9.35624;7.85;2.3;2.8;3.9;15
PBATTO;555;3;44.19801;9.84904;202;906;Vara a Piana Battolla;Vara;si;NA;NA;NA;NA;492;615;793;1100;1513;1784;2134;2614;3088;PBATT;44.19801;9.84904;36.01;3.5;4;5;15
PENBOR;35;5;44.4202;9.3893;312;739;Penna a Borzonasca;Entella;no;128;170;350;170;92;115;148;205;282;333;398;488;576;NA;NA;NA;NA;NA;NA;NA;NA
PENNEV;70;3;44.09046;8.12891;152;280;Pennavaira a Martinetto;Centa;no;NA;NA;NA;NA;121;151;195;271;373;439;526;644;761;NA;NA;NA;NA;NA;NA;NA;NA
PICCAT;79;6;44.39297;9.88566;297;917;Magra a Piccatello;Alto Magra;no;NA;NA;NA;NA;103;128;166;230;316;373;446;546;645;PICCA;44.39297;9.88566;248;1.9;2;2.7;15
PIGNON;447;NA;44.21351;9.75602;211;869;Vara a valle confluenza Pignone;Vara;no;NA;NA;NA;NA;NA;NA;NA;NA;NA;NA;NA;NA;NA;NA;NA;NA;NA;NA;NA;NA;NA
POLC00;140;1;44.41207;8.87713;306;553;Polcevera foce;Varenna - Polcevera;no;NA;NA;NA;NA;280;350;451;625;860;1014;1213;1486;1755;NA;NA;NA;NA;NA;NA;NA;NA
POLCAM;131;2;44.43788;8.88952;319;557;Polcevera a Campi;Varenna - Polcevera;no;NA;NA;NA;NA;266;333;430;595;819;966;1156;1415;1672;GERIV;44.43788;8.88952;NA;3.6;3.8;5;15
PONTEX;58;3;44.48852;8.9001;348;561;Polcevera a Pontedecimo;Varenna - Polcevera;si;NA;NA;NA;NA;129;161;208;288;397;467;559;685;809;GEPTX;44.48852;8.9001;67.39;2.6;2.8;4.2;15
PORA00;61;1;44.16801;8.34032;189;360;Pora foce;tra Centa e Quiliano;no;NA;NA;NA;NA;136;169;218;303;417;491;588;720;850;NA;NA;NA;NA;NA;NA;NA;NA
PORTOV;199;2;44.05445;8.06393;134;258;Arroscia a Pogli di Ortovero;Centa;si;NA;NA;NA;NA;272;340;438;607;835;985;1178;1443;1705;POGLI;44.05445;8.06393;59.35;3.3;3.5;5;15
POSARA;55;1;44.27;9.42966;238;752;Petronio a Pozzo Sara;tra Entella e Magra;no;NA;NA;NA;NA;115;144;185;257;354;417;499;611;722;NA;NA;NA;NA;NA;NA;NA;NA
POSLEV;22;1;44.27377;9.40992;240;742;Gromolo a Sestri Levante;tra Entella e Magra;no;NA;NA;NA;NA;59;73;95;131;180;213;254;312;368;SLEVA;44.27377;9.40992;3.9;1.3;1.5;2.5;15
PPOGGI;35;2;44.36756;8.46619;285;403;Sansobbia a Ponte Poggi;Sansobbia - Teiro;no;NA;NA;NA;NA;80;101;130;180;247;292;349;427;505;NA;NA;NA;NA;NA;NA;NA;NA
PRIN00;42;1;43.86859;7.99885;44;233;Prino foce;tra Argentina e Impero;no;NA;NA;NA;NA;86;107;139;192;264;311;373;456;539;NA;NA;NA;NA;NA;NA;NA;NA
PTEGLI;9;4;44.33678;9.89905;269;927;Teglia a Ponte Teglia;Alto Magra;no;NA;NA;NA;NA;24;30;38;53;73;86;103;126;148;PTEGL;44.33678;9.89905;NA;2.7;3;4;15
QUAZQU;17;2;44.29141;8.41726;250;386;Quazzola a Quiliano;tra Quiliano e Sansobbia;no;NA;NA;NA;NA;47;59;75;105;144;170;203;249;294;NA;NA;NA;NA;NA;NA;NA;NA
QUIL00;53;1;44.28144;8.44392;243;397;Quiliano foce;tra Quiliano e Sansobbia;no;NA;NA;NA;NA;138;173;223;309;425;501;599;734;867;NA;NA;NA;NA;NA;NA;NA;NA
RECC00;22;1;44.36166;9.141;282;649;Recco foce;tra Bisagno ed Entella;no;NA;NA;NA;NA;64;80;103;142;196;231;276;338;400;NA;NA;NA;NA;NA;NA;NA;NA
ROBREI;433;NA;43.9372;7.51699;96;64;Roja a Breil;Roja;no;NA;480;650;NA;NA;NA;NA;NA;NA;NA;NA;NA;NA;NA;NA;NA;NA;NA;NA;NA;NA
RODISC;155;NA;43.82055;7.570885;134;83;Bevera a Discarica;Roja;no;NA;350;500;NA;NA;NA;NA;NA;NA;NA;NA;NA;NA;NA;NA;NA;NA;NA;NA;NA;NA
ROSOSP;92;NA;43.87808;7.4509;115;44;Bevera a Sospello;Roja;no;NA;250;350;NA;NA;NA;NA;NA;NA;NA;NA;NA;NA;NA;NA;NA;NA;NA;NA;NA;NA
ROSSIG;90;1;44.5656;8.6672;381;477;Stura a Rossiglione;Stura - Scrivia;no;NA;NA;NA;NA;206;257;332;460;633;746;892;1093;1291;NA;NA;NA;NA;NA;NA;NA;NA
ROTES1;246;NA;44.0485;7.5872;58;87;Roja a Testata;Roja;no;NA;370;450;NA;NA;NA;NA;NA;NA;NA;NA;NA;NA;NA;NA;NA;NA;NA;NA;NA;NA
ROVEGN;104;2;44.56529;9.28156;381;698;Trebbia a Rovegno;Trebbia - Aveto;si;NA;NA;NA;NA;178;222;287;398;547;645;772;945;1117;ROVPT;44.56529;9.28156;571.58;3.7;4;5.5;15
ROVENT;650;NA;43.79307;7.60419;141;90;Roja alla foce;Roja;no;NA;550;700;NA;NA;NA;NA;NA;NA;NA;NA;NA;NA;NA;NA;NA;NA;NA;NA;NA;NA
RUPI00;11;1;44.31648;9.31866;261;711;Rupinaro foce;tra Bisagno ed Entella;no;NA;NA;NA;NA;32;40;52;71;98;116;139;170;201;NA;NA;NA;NA;NA;NA;NA;NA
SANS00;70;1;44.32931;8.50887;265;418;Sansobbia foce;Sansobbia - Teiro;no;NA;NA;NA;NA;195;244;314;436;599;707;846;1036;1223;ALBIS;44.32931;8.50887;0;2;2.4;3.2;15
SANTUA;32;2;44.34555;8.43753;275;394;Letimbro a Santuario;tra Quiliano e Sansobbia;no;NA;NA;NA;NA;74;93;119;166;228;268;321;393;465;SANTU;44.34555;8.43753;87;1.8;2;3.2;15
SCIU00;24;1;44.17178;8.35622;190;364;Sciusa foce;tra Centa e Quiliano;no;NA;NA;NA;NA;47;58;75;104;144;169;202;248;293;NA;NA;NA;NA;NA;NA;NA;NA
SCRBUS;162;3;44.58154;8.94062;388;576;Scrivia a Busalla;Stura - Scrivia;no;NA;NA;NA;NA;304;380;490;679;934;1101;1317;1613;1906;NA;NA;NA;NA;NA;NA;NA;NA
SCRI01;122;4;44.53158;8.99203;365;595;Scrivia a Casella;Stura - Scrivia;no;NA;NA;NA;NA;275;344;443;614;845;996;1192;1460;1725;NA;NA;NA;NA;NA;NA;NA;NA
SCRISO;202;2;44.64476;8.95731;418;582;Scrivia a Isola del Cantone;Stura - Scrivia;no;NA;NA;NA;NA;358;448;578;801;1102;1299;1554;1904;2249;NA;NA;NA;NA;NA;NA;NA;NA
SCRMON;59;5;44.51561;9.04769;356;615;Scrivia a Montoggio;Stura - Scrivia;si;NA;NA;NA;NA;133;167;215;298;410;483;578;708;837;MONTG;44.51561;9.04769;433.22;3.5;4;5;15
SECCPO;46;3;44.46827;8.90415;335;563;Secca a Bolzaneto;Varenna - Polcevera;no;NA;NA;NA;NA;99;124;160;222;305;360;430;527;622;NA;NA;NA;NA;NA;NA;NA;NA
SEGN00;20;1;44.27019;8.43951;238;395;Segno foce;tra Centa e Quiliano;no;NA;NA;NA;NA;42;53;68;94;129;152;182;223;264;NA;NA;NA;NA;NA;NA;NA;NA
SLOR00;27;1;43.85273;7.96434;38;223;San Lorenzo foce;tra Argentina e Impero;no;NA;NA;NA;NA;52;65;84;117;161;189;226;277;328;NA;NA;NA;NA;NA;NA;NA;NA
SORI00;13;1;44.37178;9.10341;287;633;Sori foce;tra Bisagno ed Entella;no;NA;NA;NA;NA;46;58;74;103;141;167;200;244;289;NA;NA;NA;NA;NA;NA;NA;NA
STRL00;15;1;44.39625;8.98468;297;594;Sturla foce;tra Bisagno ed Entella;no;NA;NA;NA;NA;51;64;82;114;156;184;221;270;319;GSTUR;44.39625;8.98468;NA;1.2;1.5;2.4;15
STSGIU;12;3;44.41582;8.48252;309;410;Sansobbia a Stella S. Giustina;Sansobbia - Teiro;no;NA;NA;NA;NA;36;45;58;81;111;131;156;192;226;SSGIU;44.41582;8.48252;338.55;1.8;2;2.7;15
STUR00;126;3;44.35401;9.34767;280;722;Sturla a Carasco;Entella;no;225;300;460;300;270;337;435;602;829;977;1169;1432;1692;NA;NA;NA;NA;NA;NA;NA;NA
STUVIG;97;4;44.38149;9.3738;292;732;Sturla a Vignolo;Entella;si;158;210;330;210;218;273;352;487;671;791;946;1159;1369;VIGNO;44.38149;9.3738;66.02;2.7;3.2;4.1;15
TANA00;50;1;44.12388;7.81422;167;166;Tanarello confine;tra Argentina e Impero;no;NA;NA;NA;NA;70;88;114;157;216;255;305;374;442;NA;NA;NA;NA;NA;NA;NA;NA
TANAPN;135;8;44.1186;7.8686;165;188;Tanaro a Ponte di Nava;tra Argentina e Impero;si;NA;NA;NA;NA;NA;NA;NA;NA;NA;NA;NA;NA;NA;NA;NA;NA;NA;NA;NA;NA;NA
TEGLIA;293;NA;44.3355;9.9097;272;924;Magra a valle confluenza Teglia;Alto Magra;no;NA;NA;NA;NA;NA;NA;NA;NA;NA;NA;NA;NA;NA;NA;NA;NA;NA;NA;NA;NA;NA
TEIR00;28;1;44.35904;8.57779;280;444;Teiro foce;Sansobbia - Teiro;no;NA;NA;NA;NA;68;85;110;152;209;246;295;361;427;NA;NA;NA;NA;NA;NA;NA;NA
TIGLIE;75;1;44.52561;8.60839;361;455;Orba a Tiglieto;Erro - Orba;si;NA;NA;NA;NA;154;192;248;344;473;558;668;818;966;TIGLT;44.52561;8.60839;377.79;3.3;3.5;4.5;30
TORRIB;147;NA;43.83782;7.55404;130;77;Bevera a Torri;Roja;si;NA;160;242;NA;NA;NA;NA;NA;NA;NA;NA;NA;NA;TORRI;43.83782;7.55404;59.1;2;2.5;3.5;15
TREB00;145;1;44.60526;9.30419;400;707;Trebbia confine;Trebbia - Aveto;no;NA;NA;NA;NA;228;285;368;510;702;828;990;1213;1433;NA;NA;NA;NA;NA;NA;NA;NA
TREB01;41;3;44.52555;9.25026;362;688;Trebbia a Montebruno;Trebbia - Aveto;no;184;NA;NA;245;83;104;134;185;255;300;359;440;520;NA;NA;NA;NA;NA;NA;NA;NA
TREFON;7;5;44.50278;9.03114;351;608;Lationa a Trefontane;Stura - Scrivia;no;45;NA;NA;60;25;31;40;55;75;89;106;130;154;NA;NA;NA;NA;NA;NA;NA;NA
TREVAL;188;8;44.64024;9.33028;416;716;Trebbia a Valsigiara;Trebbia - Aveto;si;NA;NA;NA;NA;NA;NA;NA;NA;NA;NA;NA;NA;NA;NA;NA;NA;NA;NA;NA;NA;NA
TVRONE;609;NA;44.217;9.9634;217;948;Magra a valle confluenza Taverone;Alto Magra;no;NA;NA;NA;NA;NA;NA;NA;NA;NA;NA;NA;NA;NA;NA;NA;NA;NA;NA;NA;NA;NA
USURAN;544;NA;44.19728;9.82666;207;895;Vara a valle confluenza Usurana;Vara;no;NA;NA;NA;NA;NA;NA;NA;NA;NA;NA;NA;NA;NA;NA;NA;NA;NA;NA;NA;NA;NA
VARA00;42;1;44.11215;8.24512;163;325;Varatello foce;tra Centa e Quiliano;no;NA;NA;NA;NA;91;114;147;203;280;330;394;483;571;NA;NA;NA;NA;NA;NA;NA;NA
VARPEG;21;1;44.43671;8.82023;316;532;Varenna a Granara;Varenna - Polcevera;no;NA;NA;NA;NA;67;83;108;149;205;242;289;354;419;VAREN;44.43671;8.82023;NA;2;2.5;3.5;15
VCRO00;22;1;43.78351;7.64041;3;104;Vallecrosia foce;tra Nervia e Argentina;no;NA;NA;NA;NA;40;50;65;90;124;146;175;215;253;NA;NA;NA;NA;NA;NA;NA;NA
VOBBIE;53;2;44.63599;8.98149;415;590;Vobbia a Vobbietta;Stura - Scrivia;si;NA;NA;NA;NA;132;164;212;294;404;477;571;699;825;VOBBI;44.63599;8.98149;318.44;2.3;2.5;3.5;10
